Group,Subject,Frequency (Hz),Coherence
Males PRE,M503,0.0501,0.2933
Males PRE,M503,0.1002,0.4441
Males PRE,M503,0.1502,0.6691
Males PRE,M503,0.2003,0.4151
Males PRE,M503,0.2504,0.4873
Males PRE,M503,0.3005,0.7509
Males PRE,M503,0.3506,0.7769
Males PRE,M503,0.4006,0.5819
Males PRE,M503,0.4507,0.7187
Males PRE,M503,0.5008,0.769
Males PRE,M503,0.5509,0.6131
Males PRE,M503,0.601,0.6445
Males PRE,M503,0.651,0.4062
Males PRE,M503,0.7011,0.233
Males PRE,M503,0.7512,0.4053
Males PRE,M503,0.8013,0.1229
Males PRE,M503,0.8513,0.2233
Males PRE,M503,0.9014,0.0965
Males PRE,M503,0.9515,0.0699
Males PRE,M503,1.0016,0.0607
Males PRE,M503,1.0517,0.0555
Males PRE,M503,1.1017,0.4302
Males PRE,M503,1.1518,0.2125
Males PRE,M503,1.2019,0.2474
Males PRE,M503,1.252,0.0112
Males PRE,M503,1.3021,0.0078
Males PRE,M503,1.3521,0.0905
Males PRE,M503,1.4022,0.1796
Males PRE,M503,1.4523,0.2079
Males PRE,M503,1.5024,0.2573
Males PRE,M503,1.5525,0.4469
Males PRE,M503,1.6025,0.1342
Males PRE,M503,1.6526,0.3699
Males PRE,M503,1.7027,0.0002
Males PRE,M503,1.7528,0.0081
Males PRE,M503,1.8029,0.1968
Males PRE,M503,1.8529,0.3191
Males PRE,M503,1.903,0.4729
Males PRE,M503,1.9531,0.4914
Males PRE,M503,2.0032,0.0046
Males PRE,M503,2.0533,0.0859
Males PRE,M503,2.1033,0.0992
Males PRE,M503,2.1534,0.2323
Males PRE,M503,2.2035,0.2102
Males PRE,M503,2.2536,0.1098
Males PRE,M503,2.3037,0.026
Males PRE,M503,2.3537,0.2599
Males PRE,M503,2.4038,0.0168
Males PRE,M503,2.4539,0.051
Males PRE,M503,2.504,0.0246
Males PRE,M503,2.554,0.3694
Males PRE,M503,2.6041,0.0522
Males PRE,M503,2.6542,0.4271
Males PRE,M503,2.7043,0.2334
Males PRE,M503,2.7544,0.09
Males PRE,M503,2.8044,0.4695
Males PRE,M503,2.8545,0.0353
Males PRE,M503,2.9046,0.378
Males PRE,M503,2.9547,0.1245
Males PRE,M503,3.0048,0.1053
Males PRE,M503,3.0548,0.2998
Males PRE,M503,3.1049,0.3287
Males PRE,M503,3.155,0.136
Males PRE,M503,3.2051,0.1799
Males PRE,M503,3.2552,0.2193
Males PRE,M503,3.3052,0.5256
Males PRE,M503,3.3553,0.1712
Males PRE,M503,3.4054,0.1264
Males PRE,M503,3.4555,0.1155
Males PRE,M503,3.5056,0.0824
Males PRE,M503,3.5556,0.2369
Males PRE,M503,3.6057,0.2521
Males PRE,M503,3.6558,0.2321
Males PRE,M503,3.7059,0.2872
Males PRE,M503,3.756,0.3001
Males PRE,M503,3.806,0.5908
Males PRE,M503,3.8561,0.4219
Males PRE,M503,3.9062,0.3322
Males PRE,M503,3.9563,0.0953
Males PRE,M503,4.0064,0.2967
Males PRE,M503,4.0564,0.1106
Males PRE,M503,4.1065,0.081
Males PRE,M503,4.1566,0.0099
Males PRE,M503,4.2067,0.0757
Males PRE,M503,4.2567,0.2168
Males PRE,M503,4.3068,0.4953
Males PRE,M503,4.3569,0.4189
Males PRE,M503,4.407,0.2339
Males PRE,M503,4.4571,0.1531
Males PRE,M503,4.5071,0.1896
Males PRE,M503,4.5572,0.1513
Males PRE,M503,4.6073,0.3492
Males PRE,M503,4.6574,0.0167
Males PRE,M503,4.7075,0.2398
Males PRE,M503,4.7575,0.1994
Males PRE,M503,4.8076,0.1118
Males PRE,M503,4.8577,0.1348
Males PRE,M503,4.9078,0.6972
Males PRE,M503,4.9579,0.4674
Males PRE,M504,0.0501,0.6762
Males PRE,M504,0.1002,0.6337
Males PRE,M504,0.1502,0.2259
Males PRE,M504,0.2003,0.2561
Males PRE,M504,0.2504,0.4628
Males PRE,M504,0.3005,0.4997
Males PRE,M504,0.3506,0.4453
Males PRE,M504,0.4006,0.044
Males PRE,M504,0.4507,0.192
Males PRE,M504,0.5008,0.41
Males PRE,M504,0.5509,0.6012
Males PRE,M504,0.601,0.4406
Males PRE,M504,0.651,0.4903
Males PRE,M504,0.7011,0.449
Males PRE,M504,0.7512,0.5291
Males PRE,M504,0.8013,0.2887
Males PRE,M504,0.8513,0.2972
Males PRE,M504,0.9014,0.1598
Males PRE,M504,0.9515,0.4299
Males PRE,M504,1.0016,0.4893
Males PRE,M504,1.0517,0.3098
Males PRE,M504,1.1017,0.1953
Males PRE,M504,1.1518,0.2937
Males PRE,M504,1.2019,0.5703
Males PRE,M504,1.252,0.2879
Males PRE,M504,1.3021,0.1837
Males PRE,M504,1.3521,0.4665
Males PRE,M504,1.4022,0.5192
Males PRE,M504,1.4523,0.46
Males PRE,M504,1.5024,0.0343
Males PRE,M504,1.5525,0.0154
Males PRE,M504,1.6025,0.2694
Males PRE,M504,1.6526,0.4176
Males PRE,M504,1.7027,0.5038
Males PRE,M504,1.7528,0.5117
Males PRE,M504,1.8029,0.1192
Males PRE,M504,1.8529,0.2174
Males PRE,M504,1.903,0.2532
Males PRE,M504,1.9531,0.04
Males PRE,M504,2.0032,0.0575
Males PRE,M504,2.0533,0.1068
Males PRE,M504,2.1033,0.2231
Males PRE,M504,2.1534,0.0631
Males PRE,M504,2.2035,0.1842
Males PRE,M504,2.2536,0.005
Males PRE,M504,2.3037,0.4049
Males PRE,M504,2.3537,0.4215
Males PRE,M504,2.4038,0.2924
Males PRE,M504,2.4539,0.0125
Males PRE,M504,2.504,0.0143
Males PRE,M504,2.554,0.1376
Males PRE,M504,2.6041,0.0985
Males PRE,M504,2.6542,0.0094
Males PRE,M504,2.7043,0.0695
Males PRE,M504,2.7544,0.153
Males PRE,M504,2.8044,0.0624
Males PRE,M504,2.8545,0.241
Males PRE,M504,2.9046,0.099
Males PRE,M504,2.9547,0.0226
Males PRE,M504,3.0048,0.1176
Males PRE,M504,3.0548,0.0491
Males PRE,M504,3.1049,0.1442
Males PRE,M504,3.155,0.2516
Males PRE,M504,3.2051,0.1746
Males PRE,M504,3.2552,0.0827
Males PRE,M504,3.3052,0.0064
Males PRE,M504,3.3553,0.2269
Males PRE,M504,3.4054,0.0982
Males PRE,M504,3.4555,0.3659
Males PRE,M504,3.5056,0.2816
Males PRE,M504,3.5556,0.0463
Males PRE,M504,3.6057,0.0438
Males PRE,M504,3.6558,0.3072
Males PRE,M504,3.7059,0.1154
Males PRE,M504,3.756,0.0013
Males PRE,M504,3.806,0.1075
Males PRE,M504,3.8561,0.354
Males PRE,M504,3.9062,0.0977
Males PRE,M504,3.9563,0.0174
Males PRE,M504,4.0064,0.0904
Males PRE,M504,4.0564,0.1974
Males PRE,M504,4.1065,0.0594
Males PRE,M504,4.1566,0.0333
Males PRE,M504,4.2067,0.3785
Males PRE,M504,4.2567,0.1245
Males PRE,M504,4.3068,0.4192
Males PRE,M504,4.3569,0.0596
Males PRE,M504,4.407,0.1904
Males PRE,M504,4.4571,0.1307
Males PRE,M504,4.5071,0.026
Males PRE,M504,4.5572,0.3555
Males PRE,M504,4.6073,0.4269
Males PRE,M504,4.6574,0.2177
Males PRE,M504,4.7075,0.3165
Males PRE,M504,4.7575,0.5999
Males PRE,M504,4.8076,0.1179
Males PRE,M504,4.8577,0.0629
Males PRE,M504,4.9078,0.0383
Males PRE,M504,4.9579,0.4511
Males PRE,M502,0.0501,0.5859
Males PRE,M502,0.1002,0.5922
Males PRE,M502,0.1502,0.6902
Males PRE,M502,0.2003,0.9217
Males PRE,M502,0.2504,0.6806
Males PRE,M502,0.3005,0.6525
Males PRE,M502,0.3506,0.7482
Males PRE,M502,0.4006,0.4903
Males PRE,M502,0.4507,0.4253
Males PRE,M502,0.5008,0.398
Males PRE,M502,0.5509,0.0915
Males PRE,M502,0.601,0.0748
Males PRE,M502,0.651,0.188
Males PRE,M502,0.7011,0.2783
Males PRE,M502,0.7512,0.5852
Males PRE,M502,0.8013,0.5447
Males PRE,M502,0.8513,0.0165
Males PRE,M502,0.9014,0.027
Males PRE,M502,0.9515,0.105
Males PRE,M502,1.0016,0.0145
Males PRE,M502,1.0517,0.0747
Males PRE,M502,1.1017,0.1793
Males PRE,M502,1.1518,0.3273
Males PRE,M502,1.2019,0.2609
Males PRE,M502,1.252,0.3984
Males PRE,M502,1.3021,0.1656
Males PRE,M502,1.3521,0.0836
Males PRE,M502,1.4022,0.1495
Males PRE,M502,1.4523,0.3696
Males PRE,M502,1.5024,0.2592
Males PRE,M502,1.5525,0.3731
Males PRE,M502,1.6025,0.1807
Males PRE,M502,1.6526,0.1145
Males PRE,M502,1.7027,0.5081
Males PRE,M502,1.7528,0.7094
Males PRE,M502,1.8029,0.3119
Males PRE,M502,1.8529,0.6055
Males PRE,M502,1.903,0.358
Males PRE,M502,1.9531,0.3278
Males PRE,M502,2.0032,0.2464
Males PRE,M502,2.0533,0.5371
Males PRE,M502,2.1033,0.4849
Males PRE,M502,2.1534,0.2366
Males PRE,M502,2.2035,0.4352
Males PRE,M502,2.2536,0.1933
Males PRE,M502,2.3037,0.3411
Males PRE,M502,2.3537,0.2356
Males PRE,M502,2.4038,0.159
Males PRE,M502,2.4539,0.5439
Males PRE,M502,2.504,0.025
Males PRE,M502,2.554,0.2151
Males PRE,M502,2.6041,0.0341
Males PRE,M502,2.6542,0.0307
Males PRE,M502,2.7043,0.4175
Males PRE,M502,2.7544,0.4178
Males PRE,M502,2.8044,0.1735
Males PRE,M502,2.8545,0.0613
Males PRE,M502,2.9046,0.3395
Males PRE,M502,2.9547,0.3424
Males PRE,M502,3.0048,0.4065
Males PRE,M502,3.0548,0.1384
Males PRE,M502,3.1049,0.2343
Males PRE,M502,3.155,0.4311
Males PRE,M502,3.2051,0.0989
Males PRE,M502,3.2552,0.0276
Males PRE,M502,3.3052,0.1083
Males PRE,M502,3.3553,0.1052
Males PRE,M502,3.4054,0.4817
Males PRE,M502,3.4555,0.53
Males PRE,M502,3.5056,0.0352
Males PRE,M502,3.5556,0.0419
Males PRE,M502,3.6057,0.068
Males PRE,M502,3.6558,0.0666
Males PRE,M502,3.7059,0.0996
Males PRE,M502,3.756,0.3496
Males PRE,M502,3.806,0.3643
Males PRE,M502,3.8561,0.0084
Males PRE,M502,3.9062,0.1433
Males PRE,M502,3.9563,0.0531
Males PRE,M502,4.0064,0.0461
Males PRE,M502,4.0564,0.2537
Males PRE,M502,4.1065,0.2544
Males PRE,M502,4.1566,0.1897
Males PRE,M502,4.2067,0.084
Males PRE,M502,4.2567,0.1991
Males PRE,M502,4.3068,0.0104
Males PRE,M502,4.3569,0.4568
Males PRE,M502,4.407,0.239
Males PRE,M502,4.4571,0.0657
Males PRE,M502,4.5071,0.2388
Males PRE,M502,4.5572,0.2485
Males PRE,M502,4.6073,0.2107
Males PRE,M502,4.6574,0.1546
Males PRE,M502,4.7075,0.0288
Males PRE,M502,4.7575,0.12
Males PRE,M502,4.8076,0.1312
Males PRE,M502,4.8577,0.018
Males PRE,M502,4.9078,0.3117
Males PRE,M502,4.9579,0.132
Males PRE,M505,0.0501,0.3736
Males PRE,M505,0.1002,0.2463
Males PRE,M505,0.1502,0.252
Males PRE,M505,0.2003,0.1969
Males PRE,M505,0.2504,0.1343
Males PRE,M505,0.3005,0.0975
Males PRE,M505,0.3506,0.1421
Males PRE,M505,0.4006,0.4742
Males PRE,M505,0.4507,0.1267
Males PRE,M505,0.5008,0.1467
Males PRE,M505,0.5509,0.1307
Males PRE,M505,0.601,0.191
Males PRE,M505,0.651,0.3827
Males PRE,M505,0.7011,0.1751
Males PRE,M505,0.7512,0.2316
Males PRE,M505,0.8013,0.6758
Males PRE,M505,0.8513,0.6511
Males PRE,M505,0.9014,0.0418
Males PRE,M505,0.9515,0.2395
Males PRE,M505,1.0016,0.1807
Males PRE,M505,1.0517,0.2636
Males PRE,M505,1.1017,0.1446
Males PRE,M505,1.1518,0.0039
Males PRE,M505,1.2019,0.2395
Males PRE,M505,1.252,0.1385
Males PRE,M505,1.3021,0.0415
Males PRE,M505,1.3521,0.1106
Males PRE,M505,1.4022,0.1969
Males PRE,M505,1.4523,0.1132
Males PRE,M505,1.5024,0.0041
Males PRE,M505,1.5525,0.1994
Males PRE,M505,1.6025,0.1052
Males PRE,M505,1.6526,0.4682
Males PRE,M505,1.7027,0.1892
Males PRE,M505,1.7528,0.1244
Males PRE,M505,1.8029,0.5709
Males PRE,M505,1.8529,0.3353
Males PRE,M505,1.903,0.1495
Males PRE,M505,1.9531,0.0129
Males PRE,M505,2.0032,0.2908
Males PRE,M505,2.0533,0.1064
Males PRE,M505,2.1033,0.3267
Males PRE,M505,2.1534,0.1897
Males PRE,M505,2.2035,0.1588
Males PRE,M505,2.2536,0.1771
Males PRE,M505,2.3037,0.1397
Males PRE,M505,2.3537,0.2024
Males PRE,M505,2.4038,0.245
Males PRE,M505,2.4539,0.2414
Males PRE,M505,2.504,0.0067
Males PRE,M505,2.554,0.0215
Males PRE,M505,2.6041,0.3173
Males PRE,M505,2.6542,0.0884
Males PRE,M505,2.7043,0.099
Males PRE,M505,2.7544,0.1227
Males PRE,M505,2.8044,0.1716
Males PRE,M505,2.8545,0.0756
Males PRE,M505,2.9046,0.0513
Males PRE,M505,2.9547,0.0116
Males PRE,M505,3.0048,0.1327
Males PRE,M505,3.0548,0.2751
Males PRE,M505,3.1049,0.0493
Males PRE,M505,3.155,0.109
Males PRE,M505,3.2051,0.0259
Males PRE,M505,3.2552,0.0148
Males PRE,M505,3.3052,0.2052
Males PRE,M505,3.3553,0.0492
Males PRE,M505,3.4054,0.081
Males PRE,M505,3.4555,0.0025
Males PRE,M505,3.5056,0.3542
Males PRE,M505,3.5556,0.3513
Males PRE,M505,3.6057,0.0444
Males PRE,M505,3.6558,0.0177
Males PRE,M505,3.7059,0.1587
Males PRE,M505,3.756,0.0717
Males PRE,M505,3.806,0.1556
Males PRE,M505,3.8561,0.3164
Males PRE,M505,3.9062,0.3232
Males PRE,M505,3.9563,0.1943
Males PRE,M505,4.0064,0.021
Males PRE,M505,4.0564,0.017
Males PRE,M505,4.1065,0.0148
Males PRE,M505,4.1566,0.1577
Males PRE,M505,4.2067,0.0232
Males PRE,M505,4.2567,0.027
Males PRE,M505,4.3068,0.0239
Males PRE,M505,4.3569,0.01
Males PRE,M505,4.407,0.1057
Males PRE,M505,4.4571,0.038
Males PRE,M505,4.5071,0.2475
Males PRE,M505,4.5572,0.2384
Males PRE,M505,4.6073,0.3713
Males PRE,M505,4.6574,0.2044
Males PRE,M505,4.7075,0.0377
Males PRE,M505,4.7575,0.5262
Males PRE,M505,4.8076,0.2261
Males PRE,M505,4.8577,0.3578
Males PRE,M505,4.9078,0.0033
Males PRE,M505,4.9579,0.0448
Males PRE,M506,0.0501,0.784
Males PRE,M506,0.1002,0.6065
Males PRE,M506,0.1502,0.47
Males PRE,M506,0.2003,0.5067
Males PRE,M506,0.2504,0.6958
Males PRE,M506,0.3005,0.7614
Males PRE,M506,0.3506,0.8142
Males PRE,M506,0.4006,0.7235
Males PRE,M506,0.4507,0.475
Males PRE,M506,0.5008,0.5097
Males PRE,M506,0.5509,0.1191
Males PRE,M506,0.601,0.2105
Males PRE,M506,0.651,0.3564
Males PRE,M506,0.7011,0.5664
Males PRE,M506,0.7512,0.68
Males PRE,M506,0.8013,0.7327
Males PRE,M506,0.8513,0.6496
Males PRE,M506,0.9014,0.6898
Males PRE,M506,0.9515,0.8395
Males PRE,M506,1.0016,0.6147
Males PRE,M506,1.0517,0.3823
Males PRE,M506,1.1017,0.0967
Males PRE,M506,1.1518,0.4222
Males PRE,M506,1.2019,0.4542
Males PRE,M506,1.252,0.3982
Males PRE,M506,1.3021,0.5262
Males PRE,M506,1.3521,0.5306
Males PRE,M506,1.4022,0.2518
Males PRE,M506,1.4523,0.2781
Males PRE,M506,1.5024,0.0921
Males PRE,M506,1.5525,0.1025
Males PRE,M506,1.6025,0.2102
Males PRE,M506,1.6526,0.7891
Males PRE,M506,1.7027,0.5411
Males PRE,M506,1.7528,0.409
Males PRE,M506,1.8029,0.2565
Males PRE,M506,1.8529,0.3927
Males PRE,M506,1.903,0.4897
Males PRE,M506,1.9531,0.4838
Males PRE,M506,2.0032,0.1684
Males PRE,M506,2.0533,0.0685
Males PRE,M506,2.1033,0.101
Males PRE,M506,2.1534,0.0701
Males PRE,M506,2.2035,0.0055
Males PRE,M506,2.2536,0.2693
Males PRE,M506,2.3037,0.1203
Males PRE,M506,2.3537,0.1529
Males PRE,M506,2.4038,0.2213
Males PRE,M506,2.4539,0.0471
Males PRE,M506,2.504,0.0203
Males PRE,M506,2.554,0.1059
Males PRE,M506,2.6041,0.1472
Males PRE,M506,2.6542,0.1084
Males PRE,M506,2.7043,0.0052
Males PRE,M506,2.7544,0.0288
Males PRE,M506,2.8044,0.1143
Males PRE,M506,2.8545,0.4936
Males PRE,M506,2.9046,0.086
Males PRE,M506,2.9547,0.2161
Males PRE,M506,3.0048,0.5167
Males PRE,M506,3.0548,0.3566
Males PRE,M506,3.1049,0.2393
Males PRE,M506,3.155,0.1611
Males PRE,M506,3.2051,0.1601
Males PRE,M506,3.2552,0.1404
Males PRE,M506,3.3052,0.0805
Males PRE,M506,3.3553,0.1053
Males PRE,M506,3.4054,0.3804
Males PRE,M506,3.4555,0.2968
Males PRE,M506,3.5056,0.0521
Males PRE,M506,3.5556,0.2829
Males PRE,M506,3.6057,0.1852
Males PRE,M506,3.6558,0.0842
Males PRE,M506,3.7059,0.0269
Males PRE,M506,3.756,0.2252
Males PRE,M506,3.806,0.4954
Males PRE,M506,3.8561,0.3577
Males PRE,M506,3.9062,0.2994
Males PRE,M506,3.9563,0.0448
Males PRE,M506,4.0064,0.1599
Males PRE,M506,4.0564,0.3515
Males PRE,M506,4.1065,0.06
Males PRE,M506,4.1566,0.4853
Males PRE,M506,4.2067,0.6723
Males PRE,M506,4.2567,0.121
Males PRE,M506,4.3068,0.1406
Males PRE,M506,4.3569,0.312
Males PRE,M506,4.407,0.4232
Males PRE,M506,4.4571,0.1461
Males PRE,M506,4.5071,0.6977
Males PRE,M506,4.5572,0.2191
Males PRE,M506,4.6073,0.0419
Males PRE,M506,4.6574,0.0373
Males PRE,M506,4.7075,0.1841
Males PRE,M506,4.7575,0.1506
Males PRE,M506,4.8076,0.085
Males PRE,M506,4.8577,0.0066
Males PRE,M506,4.9078,0.0993
Males PRE,M506,4.9579,0.5183
Males POST,M503,0.0501,0.3116
Males POST,M503,0.1002,0.0787
Males POST,M503,0.1502,0.0412
Males POST,M503,0.2003,0.0164
Males POST,M503,0.2504,0.3205
Males POST,M503,0.3005,0.2987
Males POST,M503,0.3506,0.2356
Males POST,M503,0.4006,0.2049
Males POST,M503,0.4507,0.1802
Males POST,M503,0.5008,0.0598
Males POST,M503,0.5509,0.1591
Males POST,M503,0.601,0.3063
Males POST,M503,0.651,0.0682
Males POST,M503,0.7011,0.2485
Males POST,M503,0.7512,0.2504
Males POST,M503,0.8013,0.1329
Males POST,M503,0.8513,0.1458
Males POST,M503,0.9014,0.0213
Males POST,M503,0.9515,0.198
Males POST,M503,1.0016,0.0461
Males POST,M503,1.0517,0.016
Males POST,M503,1.1017,0.0992
Males POST,M503,1.1518,0.1535
Males POST,M503,1.2019,0.0734
Males POST,M503,1.252,0.0659
Males POST,M503,1.3021,0.0579
Males POST,M503,1.3521,0.0063
Males POST,M503,1.4022,0.0633
Males POST,M503,1.4523,0.0881
Males POST,M503,1.5024,0.2177
Males POST,M503,1.5525,0.1251
Males POST,M503,1.6025,0.0325
Males POST,M503,1.6526,0.0224
Males POST,M503,1.7027,0.0731
Males POST,M503,1.7528,0.4567
Males POST,M503,1.8029,0.0273
Males POST,M503,1.8529,0.1814
Males POST,M503,1.903,0.0037
Males POST,M503,1.9531,0.0725
Males POST,M503,2.0032,0.0061
Males POST,M503,2.0533,0.1996
Males POST,M503,2.1033,0.0226
Males POST,M503,2.1534,0.2462
Males POST,M503,2.2035,0.2317
Males POST,M503,2.2536,0.0902
Males POST,M503,2.3037,0.2301
Males POST,M503,2.3537,0.1576
Males POST,M503,2.4038,0.2144
Males POST,M503,2.4539,0.0319
Males POST,M503,2.504,0.0735
Males POST,M503,2.554,0.3287
Males POST,M503,2.6041,0.1839
Males POST,M503,2.6542,0.1916
Males POST,M503,2.7043,0.5383
Males POST,M503,2.7544,0.1822
Males POST,M503,2.8044,0.035
Males POST,M503,2.8545,0.0187
Males POST,M503,2.9046,0.0444
Males POST,M503,2.9547,0.1307
Males POST,M503,3.0048,0.1148
Males POST,M503,3.0548,0.3243
Males POST,M503,3.1049,0.0184
Males POST,M503,3.155,0.2071
Males POST,M503,3.2051,0.0713
Males POST,M503,3.2552,0.3841
Males POST,M503,3.3052,0.2062
Males POST,M503,3.3553,0.5247
Males POST,M503,3.4054,0.4631
Males POST,M503,3.4555,0.2347
Males POST,M503,3.5056,0.4769
Males POST,M503,3.5556,0.0924
Males POST,M503,3.6057,0.0066
Males POST,M503,3.6558,0.0107
Males POST,M503,3.7059,0.0133
Males POST,M503,3.756,0.0003
Males POST,M503,3.806,0.2736
Males POST,M503,3.8561,0.076
Males POST,M503,3.9062,0.1126
Males POST,M503,3.9563,0.4624
Males POST,M503,4.0064,0.2433
Males POST,M503,4.0564,0.0508
Males POST,M503,4.1065,0.1047
Males POST,M503,4.1566,0.2967
Males POST,M503,4.2067,0.1162
Males POST,M503,4.2567,0.3083
Males POST,M503,4.3068,0.0588
Males POST,M503,4.3569,0.0365
Males POST,M503,4.407,0.055
Males POST,M503,4.4571,0.3752
Males POST,M503,4.5071,0.3976
Males POST,M503,4.5572,0.3411
Males POST,M503,4.6073,0.1999
Males POST,M503,4.6574,0.0489
Males POST,M503,4.7075,0.1793
Males POST,M503,4.7575,0.1008
Males POST,M503,4.8076,0.0077
Males POST,M503,4.8577,0.3589
Males POST,M503,4.9078,0.3104
Males POST,M503,4.9579,0.3267
Males POST,M504,0.0501,0.7671
Males POST,M504,0.1002,0.481
Males POST,M504,0.1502,0.7921
Males POST,M504,0.2003,0.7387
Males POST,M504,0.2504,0.2287
Males POST,M504,0.3005,0.6176
Males POST,M504,0.3506,0.6556
Males POST,M504,0.4006,0.4251
Males POST,M504,0.4507,0.395
Males POST,M504,0.5008,0.3405
Males POST,M504,0.5509,0.2359
Males POST,M504,0.601,0.3163
Males POST,M504,0.651,0.4601
Males POST,M504,0.7011,0.3406
Males POST,M504,0.7512,0.4662
Males POST,M504,0.8013,0.1403
Males POST,M504,0.8513,0.0174
Males POST,M504,0.9014,0.1721
Males POST,M504,0.9515,0.1879
Males POST,M504,1.0016,0.5168
Males POST,M504,1.0517,0.0282
Males POST,M504,1.1017,0.055
Males POST,M504,1.1518,0.186
Males POST,M504,1.2019,0.251
Males POST,M504,1.252,0.5946
Males POST,M504,1.3021,0.2327
Males POST,M504,1.3521,0.2519
Males POST,M504,1.4022,0.1908
Males POST,M504,1.4523,0.0503
Males POST,M504,1.5024,0.0325
Males POST,M504,1.5525,0.4669
Males POST,M504,1.6025,0.3292
Males POST,M504,1.6526,0.2158
Males POST,M504,1.7027,0.2053
Males POST,M504,1.7528,0.0525
Males POST,M504,1.8029,0.0002
Males POST,M504,1.8529,0.0521
Males POST,M504,1.903,0.0138
Males POST,M504,1.9531,0.0825
Males POST,M504,2.0032,0.2065
Males POST,M504,2.0533,0.0276
Males POST,M504,2.1033,0.2676
Males POST,M504,2.1534,0.1493
Males POST,M504,2.2035,0.028
Males POST,M504,2.2536,0.0367
Males POST,M504,2.3037,0.2141
Males POST,M504,2.3537,0.1906
Males POST,M504,2.4038,0.2486
Males POST,M504,2.4539,0.2091
Males POST,M504,2.504,0.1602
Males POST,M504,2.554,0.5732
Males POST,M504,2.6041,0.0464
Males POST,M504,2.6542,0.0469
Males POST,M504,2.7043,0.0192
Males POST,M504,2.7544,0.1105
Males POST,M504,2.8044,0.5514
Males POST,M504,2.8545,0.5924
Males POST,M504,2.9046,0.4071
Males POST,M504,2.9547,0.3305
Males POST,M504,3.0048,0.3555
Males POST,M504,3.0548,0.1364
Males POST,M504,3.1049,0.6022
Males POST,M504,3.155,0.1575
Males POST,M504,3.2051,0.1533
Males POST,M504,3.2552,0.0055
Males POST,M504,3.3052,0.1882
Males POST,M504,3.3553,0.2512
Males POST,M504,3.4054,0.0309
Males POST,M504,3.4555,0.293
Males POST,M504,3.5056,0.0026
Males POST,M504,3.5556,0.0224
Males POST,M504,3.6057,0.3555
Males POST,M504,3.6558,0.0447
Males POST,M504,3.7059,0.2166
Males POST,M504,3.756,0.094
Males POST,M504,3.806,0.0174
Males POST,M504,3.8561,0.22
Males POST,M504,3.9062,0.0117
Males POST,M504,3.9563,0.2817
Males POST,M504,4.0064,0.1567
Males POST,M504,4.0564,0.1707
Males POST,M504,4.1065,0.1733
Males POST,M504,4.1566,0.0588
Males POST,M504,4.2067,0.1727
Males POST,M504,4.2567,0.1833
Males POST,M504,4.3068,0.1088
Males POST,M504,4.3569,0.0586
Males POST,M504,4.407,0.1169
Males POST,M504,4.4571,0.1146
Males POST,M504,4.5071,0.0169
Males POST,M504,4.5572,0.3781
Males POST,M504,4.6073,0.1361
Males POST,M504,4.6574,0.3609
Males POST,M504,4.7075,0.1004
Males POST,M504,4.7575,0.0208
Males POST,M504,4.8076,0.3307
Males POST,M504,4.8577,0.2473
Males POST,M504,4.9078,0.4121
Males POST,M504,4.9579,0.3414
Males POST,M502,0.0501,0.8791
Males POST,M502,0.1002,0.7354
Males POST,M502,0.1502,0.4287
Males POST,M502,0.2003,0.3624
Males POST,M502,0.2504,0.5619
Males POST,M502,0.3005,0.3516
Males POST,M502,0.3506,0.4971
Males POST,M502,0.4006,0.323
Males POST,M502,0.4507,0.4514
Males POST,M502,0.5008,0.4595
Males POST,M502,0.5509,0.318
Males POST,M502,0.601,0.3547
Males POST,M502,0.651,0.7219
Males POST,M502,0.7011,0.3975
Males POST,M502,0.7512,0.0006
Males POST,M502,0.8013,0.1181
Males POST,M502,0.8513,0.0702
Males POST,M502,0.9014,0.1632
Males POST,M502,0.9515,0.0982
Males POST,M502,1.0016,0.253
Males POST,M502,1.0517,0.4012
Males POST,M502,1.1017,0.3257
Males POST,M502,1.1518,0.0149
Males POST,M502,1.2019,0.2054
Males POST,M502,1.252,0.1962
Males POST,M502,1.3021,0.3694
Males POST,M502,1.3521,0.3808
Males POST,M502,1.4022,0.1555
Males POST,M502,1.4523,0.5781
Males POST,M502,1.5024,0.6392
Males POST,M502,1.5525,0.5761
Males POST,M502,1.6025,0.0628
Males POST,M502,1.6526,0.1768
Males POST,M502,1.7027,0.1298
Males POST,M502,1.7528,0.374
Males POST,M502,1.8029,0.2398
Males POST,M502,1.8529,0.0653
Males POST,M502,1.903,0.0949
Males POST,M502,1.9531,0.3137
Males POST,M502,2.0032,0.0172
Males POST,M502,2.0533,0.2337
Males POST,M502,2.1033,0.1272
Males POST,M502,2.1534,0.0595
Males POST,M502,2.2035,0.5919
Males POST,M502,2.2536,0.162
Males POST,M502,2.3037,0.2716
Males POST,M502,2.3537,0.3555
Males POST,M502,2.4038,0.4608
Males POST,M502,2.4539,0.3694
Males POST,M502,2.504,0.114
Males POST,M502,2.554,0.0686
Males POST,M502,2.6041,0.4473
Males POST,M502,2.6542,0.1046
Males POST,M502,2.7043,0.2601
Males POST,M502,2.7544,0.349
Males POST,M502,2.8044,0.0943
Males POST,M502,2.8545,0.2212
Males POST,M502,2.9046,0.0097
Males POST,M502,2.9547,0.1164
Males POST,M502,3.0048,0.066
Males POST,M502,3.0548,0.339
Males POST,M502,3.1049,0.0727
Males POST,M502,3.155,0.4128
Males POST,M502,3.2051,0.0125
Males POST,M502,3.2552,0.1539
Males POST,M502,3.3052,0.1374
Males POST,M502,3.3553,0.0421
Males POST,M502,3.4054,0.0859
Males POST,M502,3.4555,0.2961
Males POST,M502,3.5056,0.0644
Males POST,M502,3.5556,0.2756
Males POST,M502,3.6057,0.4316
Males POST,M502,3.6558,0.0742
Males POST,M502,3.7059,0.1916
Males POST,M502,3.756,0.2814
Males POST,M502,3.806,0.1375
Males POST,M502,3.8561,0.1895
Males POST,M502,3.9062,0.0553
Males POST,M502,3.9563,0.0637
Males POST,M502,4.0064,0.1816
Males POST,M502,4.0564,0.0703
Males POST,M502,4.1065,0.0988
Males POST,M502,4.1566,0.336
Males POST,M502,4.2067,0.4355
Males POST,M502,4.2567,0.0435
Males POST,M502,4.3068,0.4277
Males POST,M502,4.3569,0.2075
Males POST,M502,4.407,0.092
Males POST,M502,4.4571,0.3986
Males POST,M502,4.5071,0.1734
Males POST,M502,4.5572,0.2786
Males POST,M502,4.6073,0.0687
Males POST,M502,4.6574,0.0825
Males POST,M502,4.7075,0.2625
Males POST,M502,4.7575,0.3504
Males POST,M502,4.8076,0.1586
Males POST,M502,4.8577,0.0332
Males POST,M502,4.9078,0.263
Males POST,M502,4.9579,0.0632
Males POST,M505,0.0501,0.5892
Males POST,M505,0.1002,0.4373
Males POST,M505,0.1502,0.1569
Males POST,M505,0.2003,0.1146
Males POST,M505,0.2504,0.5938
Males POST,M505,0.3005,0.344
Males POST,M505,0.3506,0.0425
Males POST,M505,0.4006,0.4628
Males POST,M505,0.4507,0.0732
Males POST,M505,0.5008,0.2225
Males POST,M505,0.5509,0.2763
Males POST,M505,0.601,0.2012
Males POST,M505,0.651,0.1856
Males POST,M505,0.7011,0.3993
Males POST,M505,0.7512,0.5992
Males POST,M505,0.8013,0.6935
Males POST,M505,0.8513,0.0357
Males POST,M505,0.9014,0.1684
Males POST,M505,0.9515,0.3619
Males POST,M505,1.0016,0.1403
Males POST,M505,1.0517,0.0098
Males POST,M505,1.1017,0.0558
Males POST,M505,1.1518,0.3548
Males POST,M505,1.2019,0.571
Males POST,M505,1.252,0.0176
Males POST,M505,1.3021,0.4026
Males POST,M505,1.3521,0.3331
Males POST,M505,1.4022,0.2445
Males POST,M505,1.4523,0.3332
Males POST,M505,1.5024,0.0947
Males POST,M505,1.5525,0.0773
Males POST,M505,1.6025,0.0658
Males POST,M505,1.6526,0.0112
Males POST,M505,1.7027,0.0587
Males POST,M505,1.7528,0.0957
Males POST,M505,1.8029,0.5675
Males POST,M505,1.8529,0.163
Males POST,M505,1.903,0.3521
Males POST,M505,1.9531,0.4621
Males POST,M505,2.0032,0.4837
Males POST,M505,2.0533,0.0684
Males POST,M505,2.1033,0.0336
Males POST,M505,2.1534,0.0391
Males POST,M505,2.2035,0.3125
Males POST,M505,2.2536,0.0818
Males POST,M505,2.3037,0.7378
Males POST,M505,2.3537,0.027
Males POST,M505,2.4038,0.2414
Males POST,M505,2.4539,0.185
Males POST,M505,2.504,0.4288
Males POST,M505,2.554,0.2213
Males POST,M505,2.6041,0.0091
Males POST,M505,2.6542,0.1167
Males POST,M505,2.7043,0.0962
Males POST,M505,2.7544,0.174
Males POST,M505,2.8044,0.2003
Males POST,M505,2.8545,0.3579
Males POST,M505,2.9046,0.1133
Males POST,M505,2.9547,0.0608
Males POST,M505,3.0048,0.1175
Males POST,M505,3.0548,0.2106
Males POST,M505,3.1049,0.1444
Males POST,M505,3.155,0.0105
Males POST,M505,3.2051,0.4192
Males POST,M505,3.2552,0.0963
Males POST,M505,3.3052,0.3487
Males POST,M505,3.3553,0.4368
Males POST,M505,3.4054,0.0711
Males POST,M505,3.4555,0.1058
Males POST,M505,3.5056,0.2793
Males POST,M505,3.5556,0.1837
Males POST,M505,3.6057,0.4099
Males POST,M505,3.6558,0.2868
Males POST,M505,3.7059,0.2748
Males POST,M505,3.756,0.0218
Males POST,M505,3.806,0.2007
Males POST,M505,3.8561,0.142
Males POST,M505,3.9062,0.2095
Males POST,M505,3.9563,0.002
Males POST,M505,4.0064,0.0926
Males POST,M505,4.0564,0.1459
Males POST,M505,4.1065,0.1421
Males POST,M505,4.1566,0.2052
Males POST,M505,4.2067,0.3774
Males POST,M505,4.2567,0.1631
Males POST,M505,4.3068,0.0733
Males POST,M505,4.3569,0.2565
Males POST,M505,4.407,0.1518
Males POST,M505,4.4571,0.1895
Males POST,M505,4.5071,0.0022
Males POST,M505,4.5572,0.0954
Males POST,M505,4.6073,0.0442
Males POST,M505,4.6574,0.1384
Males POST,M505,4.7075,0.1153
Males POST,M505,4.7575,0.2385
Males POST,M505,4.8076,0.1358
Males POST,M505,4.8577,0.2687
Males POST,M505,4.9078,0.3231
Males POST,M505,4.9579,0.041
Males POST,M506,0.0501,0.735
Males POST,M506,0.1002,0.5045
Males POST,M506,0.1502,0.4951
Males POST,M506,0.2003,0.7075
Males POST,M506,0.2504,0.4754
Males POST,M506,0.3005,0.2605
Males POST,M506,0.3506,0.2012
Males POST,M506,0.4006,0.1616
Males POST,M506,0.4507,0.1424
Males POST,M506,0.5008,0.2615
Males POST,M506,0.5509,0.1265
Males POST,M506,0.601,0.1021
Males POST,M506,0.651,0.0586
Males POST,M506,0.7011,0.0128
Males POST,M506,0.7512,0.2909
Males POST,M506,0.8013,0.3649
Males POST,M506,0.8513,0.0512
Males POST,M506,0.9014,0.0728
Males POST,M506,0.9515,0.1275
Males POST,M506,1.0016,0.517
Males POST,M506,1.0517,0.436
Males POST,M506,1.1017,0.5137
Males POST,M506,1.1518,0.3996
Males POST,M506,1.2019,0.4921
Males POST,M506,1.252,0.2584
Males POST,M506,1.3021,0.2169
Males POST,M506,1.3521,0.1137
Males POST,M506,1.4022,0.0517
Males POST,M506,1.4523,0.0219
Males POST,M506,1.5024,0.0113
Males POST,M506,1.5525,0.0202
Males POST,M506,1.6025,0.049
Males POST,M506,1.6526,0.1735
Males POST,M506,1.7027,0.2511
Males POST,M506,1.7528,0.4469
Males POST,M506,1.8029,0.1138
Males POST,M506,1.8529,0.0745
Males POST,M506,1.903,0.2241
Males POST,M506,1.9531,0.7492
Males POST,M506,2.0032,0.4727
Males POST,M506,2.0533,0.0052
Males POST,M506,2.1033,0.1867
Males POST,M506,2.1534,0.3942
Males POST,M506,2.2035,0.0157
Males POST,M506,2.2536,0.1055
Males POST,M506,2.3037,0.1783
Males POST,M506,2.3537,0.0354
Males POST,M506,2.4038,0.0586
Males POST,M506,2.4539,0.0862
Males POST,M506,2.504,0.0898
Males POST,M506,2.554,0.0755
Males POST,M506,2.6041,0.1888
Males POST,M506,2.6542,0.0754
Males POST,M506,2.7043,0.3954
Males POST,M506,2.7544,0.2383
Males POST,M506,2.8044,0.2328
Males POST,M506,2.8545,0.0447
Males POST,M506,2.9046,0.1779
Males POST,M506,2.9547,0.1185
Males POST,M506,3.0048,0.0271
Males POST,M506,3.0548,0.3777
Males POST,M506,3.1049,0.5847
Males POST,M506,3.155,0.1272
Males POST,M506,3.2051,0.189
Males POST,M506,3.2552,0.2653
Males POST,M506,3.3052,0.1312
Males POST,M506,3.3553,0.3669
Males POST,M506,3.4054,0.1678
Males POST,M506,3.4555,0.0905
Males POST,M506,3.5056,0.1397
Males POST,M506,3.5556,0.0526
Males POST,M506,3.6057,0.2358
Males POST,M506,3.6558,0.322
Males POST,M506,3.7059,0.1186
Males POST,M506,3.756,0.1918
Males POST,M506,3.806,0.2009
Males POST,M506,3.8561,0.2009
Males POST,M506,3.9062,0.2685
Males POST,M506,3.9563,0.1965
Males POST,M506,4.0064,0.2933
Males POST,M506,4.0564,0.1375
Males POST,M506,4.1065,0.0511
Males POST,M506,4.1566,0.037
Males POST,M506,4.2067,0.2937
Males POST,M506,4.2567,0.2874
Males POST,M506,4.3068,0.2989
Males POST,M506,4.3569,0.3648
Males POST,M506,4.407,0.1668
Males POST,M506,4.4571,0.049
Males POST,M506,4.5071,0.4386
Males POST,M506,4.5572,0.7014
Males POST,M506,4.6073,0.3078
Males POST,M506,4.6574,0.0669
Males POST,M506,4.7075,0.4486
Males POST,M506,4.7575,0.0473
Males POST,M506,4.8076,0.321
Males POST,M506,4.8577,0.1124
Males POST,M506,4.9078,0.0357
Males POST,M506,4.9579,0.0542
Females PRE,M509,0.0501,0.6285
Females PRE,M509,0.1002,0.3921
Females PRE,M509,0.1502,0.5919
Females PRE,M509,0.2003,0.327
Females PRE,M509,0.2504,0.6252
Females PRE,M509,0.3005,0.4853
Females PRE,M509,0.3506,0.4989
Females PRE,M509,0.4006,0.5635
Females PRE,M509,0.4507,0.3468
Females PRE,M509,0.5008,0.5074
Females PRE,M509,0.5509,0.2718
Females PRE,M509,0.601,0.4941
Females PRE,M509,0.651,0.5734
Females PRE,M509,0.7011,0.2743
Females PRE,M509,0.7512,0.2453
Females PRE,M509,0.8013,0.0808
Females PRE,M509,0.8513,0.0194
Females PRE,M509,0.9014,0.2993
Females PRE,M509,0.9515,0.6285
Females PRE,M509,1.0016,0.5253
Females PRE,M509,1.0517,0.7902
Females PRE,M509,1.1017,0.1472
Females PRE,M509,1.1518,0.2343
Females PRE,M509,1.2019,0.1713
Females PRE,M509,1.252,0.5437
Females PRE,M509,1.3021,0.4803
Females PRE,M509,1.3521,0.5767
Females PRE,M509,1.4022,0.1682
Females PRE,M509,1.4523,0.7586
Females PRE,M509,1.5024,0.5695
Females PRE,M509,1.5525,0.2676
Females PRE,M509,1.6025,0.5856
Females PRE,M509,1.6526,0.2257
Females PRE,M509,1.7027,0.0294
Females PRE,M509,1.7528,0.089
Females PRE,M509,1.8029,0.1858
Females PRE,M509,1.8529,0.1202
Females PRE,M509,1.903,0.0461
Females PRE,M509,1.9531,0.1596
Females PRE,M509,2.0032,0.2151
Females PRE,M509,2.0533,0.4725
Females PRE,M509,2.1033,0.4988
Females PRE,M509,2.1534,0.3512
Females PRE,M509,2.2035,0.249
Females PRE,M509,2.2536,0.0182
Females PRE,M509,2.3037,0.2037
Females PRE,M509,2.3537,0.1523
Females PRE,M509,2.4038,0.221
Females PRE,M509,2.4539,0.2742
Females PRE,M509,2.504,0.3783
Females PRE,M509,2.554,0.0227
Females PRE,M509,2.6041,0.069
Females PRE,M509,2.6542,0.0379
Females PRE,M509,2.7043,0.0444
Females PRE,M509,2.7544,0.1367
Females PRE,M509,2.8044,0.0113
Females PRE,M509,2.8545,0.3171
Females PRE,M509,2.9046,0.7486
Females PRE,M509,2.9547,0.1279
Females PRE,M509,3.0048,0.2849
Females PRE,M509,3.0548,0.3391
Females PRE,M509,3.1049,0.372
Females PRE,M509,3.155,0.1041
Females PRE,M509,3.2051,0.0395
Females PRE,M509,3.2552,0.1601
Females PRE,M509,3.3052,0.1732
Females PRE,M509,3.3553,0.0097
Females PRE,M509,3.4054,0.208
Females PRE,M509,3.4555,0.06
Females PRE,M509,3.5056,0.2369
Females PRE,M509,3.5556,0.242
Females PRE,M509,3.6057,0.2089
Females PRE,M509,3.6558,0.1446
Females PRE,M509,3.7059,0.3051
Females PRE,M509,3.756,0.0275
Females PRE,M509,3.806,0.1647
Females PRE,M509,3.8561,0.1569
Females PRE,M509,3.9062,0.0098
Females PRE,M509,3.9563,0.2426
Females PRE,M509,4.0064,0.3141
Females PRE,M509,4.0564,0.0228
Females PRE,M509,4.1065,0.0588
Females PRE,M509,4.1566,0.1775
Females PRE,M509,4.2067,0.3222
Females PRE,M509,4.2567,0.2149
Females PRE,M509,4.3068,0.0353
Females PRE,M509,4.3569,0.3272
Females PRE,M509,4.407,0.5792
Females PRE,M509,4.4571,0.1674
Females PRE,M509,4.5071,0.2188
Females PRE,M509,4.5572,0.2084
Females PRE,M509,4.6073,0.0793
Females PRE,M509,4.6574,0.5791
Females PRE,M509,4.7075,0.1438
Females PRE,M509,4.7575,0.4319
Females PRE,M509,4.8076,0.4573
Females PRE,M509,4.8577,0.3687
Females PRE,M509,4.9078,0.2778
Females PRE,M509,4.9579,0.1608
Females PRE,M511,0.0501,0.7847
Females PRE,M511,0.1002,0.8094
Females PRE,M511,0.1502,0.5816
Females PRE,M511,0.2003,0.719
Females PRE,M511,0.2504,0.5655
Females PRE,M511,0.3005,0.5207
Females PRE,M511,0.3506,0.7328
Females PRE,M511,0.4006,0.3621
Females PRE,M511,0.4507,0.1849
Females PRE,M511,0.5008,0.074
Females PRE,M511,0.5509,0.2955
Females PRE,M511,0.601,0.3662
Females PRE,M511,0.651,0.4748
Females PRE,M511,0.7011,0.4986
Females PRE,M511,0.7512,0.4946
Females PRE,M511,0.8013,0.0018
Females PRE,M511,0.8513,0.2145
Females PRE,M511,0.9014,0.2986
Females PRE,M511,0.9515,0.1689
Females PRE,M511,1.0016,0.0298
Females PRE,M511,1.0517,0.1626
Females PRE,M511,1.1017,0.6187
Females PRE,M511,1.1518,0.181
Females PRE,M511,1.2019,0.5967
Females PRE,M511,1.252,0.4158
Females PRE,M511,1.3021,0.1227
Females PRE,M511,1.3521,0.3428
Females PRE,M511,1.4022,0.3003
Females PRE,M511,1.4523,0.4421
Females PRE,M511,1.5024,0.07
Females PRE,M511,1.5525,0.1362
Females PRE,M511,1.6025,0.0551
Females PRE,M511,1.6526,0.067
Females PRE,M511,1.7027,0.2103
Females PRE,M511,1.7528,0.1389
Females PRE,M511,1.8029,0.4639
Females PRE,M511,1.8529,0.2018
Females PRE,M511,1.903,0.214
Females PRE,M511,1.9531,0.1083
Females PRE,M511,2.0032,0.4782
Females PRE,M511,2.0533,0.0728
Females PRE,M511,2.1033,0.0611
Females PRE,M511,2.1534,0.0188
Females PRE,M511,2.2035,0.0059
Females PRE,M511,2.2536,0.2559
Females PRE,M511,2.3037,0.1142
Females PRE,M511,2.3537,0.7855
Females PRE,M511,2.4038,0.1308
Females PRE,M511,2.4539,0.5728
Females PRE,M511,2.504,0.1608
Females PRE,M511,2.554,0.6417
Females PRE,M511,2.6041,0.3435
Females PRE,M511,2.6542,0.0503
Females PRE,M511,2.7043,0.5341
Females PRE,M511,2.7544,0.066
Females PRE,M511,2.8044,0.1396
Females PRE,M511,2.8545,0.0627
Females PRE,M511,2.9046,0.0106
Females PRE,M511,2.9547,0.2233
Females PRE,M511,3.0048,0.3734
Females PRE,M511,3.0548,0.0408
Females PRE,M511,3.1049,0.0311
Females PRE,M511,3.155,0.2284
Females PRE,M511,3.2051,0.1575
Females PRE,M511,3.2552,0.3276
Females PRE,M511,3.3052,0.38
Females PRE,M511,3.3553,0.0502
Females PRE,M511,3.4054,0.2689
Females PRE,M511,3.4555,0.1069
Females PRE,M511,3.5056,0.1198
Females PRE,M511,3.5556,0.2614
Females PRE,M511,3.6057,0.3944
Females PRE,M511,3.6558,0.1347
Females PRE,M511,3.7059,0.5721
Females PRE,M511,3.756,0.0144
Females PRE,M511,3.806,0.3538
Females PRE,M511,3.8561,0.0582
Females PRE,M511,3.9062,0.0037
Females PRE,M511,3.9563,0.0814
Females PRE,M511,4.0064,0.0098
Females PRE,M511,4.0564,0.0782
Females PRE,M511,4.1065,0.3571
Females PRE,M511,4.1566,0.1004
Females PRE,M511,4.2067,0.1739
Females PRE,M511,4.2567,0.1849
Females PRE,M511,4.3068,0.1922
Females PRE,M511,4.3569,0.2235
Females PRE,M511,4.407,0.1329
Females PRE,M511,4.4571,0.189
Females PRE,M511,4.5071,0.6419
Females PRE,M511,4.5572,0.0427
Females PRE,M511,4.6073,0.0712
Females PRE,M511,4.6574,0.122
Females PRE,M511,4.7075,0.0724
Females PRE,M511,4.7575,0.0873
Females PRE,M511,4.8076,0.072
Females PRE,M511,4.8577,0.1691
Females PRE,M511,4.9078,0.0646
Females PRE,M511,4.9579,0.3985
Females PRE,M512,0.0501,0.2255
Females PRE,M512,0.1002,0.5294
Females PRE,M512,0.1502,0.5542
Females PRE,M512,0.2003,0.3556
Females PRE,M512,0.2504,0.0296
Females PRE,M512,0.3005,0.2059
Females PRE,M512,0.3506,0.613
Females PRE,M512,0.4006,0.4717
Females PRE,M512,0.4507,0.5575
Females PRE,M512,0.5008,0.8875
Females PRE,M512,0.5509,0.605
Females PRE,M512,0.601,0.3358
Females PRE,M512,0.651,0.3142
Females PRE,M512,0.7011,0.5219
Females PRE,M512,0.7512,0.65
Females PRE,M512,0.8013,0.4927
Females PRE,M512,0.8513,0.3158
Females PRE,M512,0.9014,0.2507
Females PRE,M512,0.9515,0.1658
Females PRE,M512,1.0016,0.3281
Females PRE,M512,1.0517,0.6237
Females PRE,M512,1.1017,0.6672
Females PRE,M512,1.1518,0.1696
Females PRE,M512,1.2019,0.2292
Females PRE,M512,1.252,0.3406
Females PRE,M512,1.3021,0.4484
Females PRE,M512,1.3521,0.1329
Females PRE,M512,1.4022,0.1586
Females PRE,M512,1.4523,0.1435
Females PRE,M512,1.5024,0.1426
Females PRE,M512,1.5525,0.2747
Females PRE,M512,1.6025,0.0859
Females PRE,M512,1.6526,0.0595
Females PRE,M512,1.7027,0.5931
Females PRE,M512,1.7528,0.6287
Females PRE,M512,1.8029,0.3834
Females PRE,M512,1.8529,0.198
Females PRE,M512,1.903,0.4126
Females PRE,M512,1.9531,0.6252
Females PRE,M512,2.0032,0.3037
Females PRE,M512,2.0533,0.0697
Females PRE,M512,2.1033,0.0738
Females PRE,M512,2.1534,0.1192
Females PRE,M512,2.2035,0.0784
Females PRE,M512,2.2536,0.4941
Females PRE,M512,2.3037,0.0869
Females PRE,M512,2.3537,0.4627
Females PRE,M512,2.4038,0.1536
Females PRE,M512,2.4539,0.4344
Females PRE,M512,2.504,0.1419
Females PRE,M512,2.554,0.0695
Females PRE,M512,2.6041,0.1574
Females PRE,M512,2.6542,0.4246
Females PRE,M512,2.7043,0.0583
Females PRE,M512,2.7544,0.1606
Females PRE,M512,2.8044,0.0553
Females PRE,M512,2.8545,0.1868
Females PRE,M512,2.9046,0.1046
Females PRE,M512,2.9547,0.0512
Females PRE,M512,3.0048,0.1928
Females PRE,M512,3.0548,0.2314
Females PRE,M512,3.1049,0.1488
Females PRE,M512,3.155,0.3335
Females PRE,M512,3.2051,0.6763
Females PRE,M512,3.2552,0.4551
Females PRE,M512,3.3052,0.1606
Females PRE,M512,3.3553,0.0328
Females PRE,M512,3.4054,0.2357
Females PRE,M512,3.4555,0.1637
Females PRE,M512,3.5056,0.008
Females PRE,M512,3.5556,0.1493
Females PRE,M512,3.6057,0.1001
Females PRE,M512,3.6558,0.0126
Females PRE,M512,3.7059,0.661
Females PRE,M512,3.756,0.0028
Females PRE,M512,3.806,0.3469
Females PRE,M512,3.8561,0.2786
Females PRE,M512,3.9062,0.2494
Females PRE,M512,3.9563,0.3218
Females PRE,M512,4.0064,0.0592
Females PRE,M512,4.0564,0.3024
Females PRE,M512,4.1065,0.0218
Females PRE,M512,4.1566,0.0605
Females PRE,M512,4.2067,0.0939
Females PRE,M512,4.2567,0.1189
Females PRE,M512,4.3068,0.0368
Females PRE,M512,4.3569,0.0688
Females PRE,M512,4.407,0.1741
Females PRE,M512,4.4571,0.0965
Females PRE,M512,4.5071,0.0656
Females PRE,M512,4.5572,0.1996
Females PRE,M512,4.6073,0.1555
Females PRE,M512,4.6574,0.405
Females PRE,M512,4.7075,0.4187
Females PRE,M512,4.7575,0.258
Females PRE,M512,4.8076,0.175
Females PRE,M512,4.8577,0.1136
Females PRE,M512,4.9078,0.2018
Females PRE,M512,4.9579,0.1661
Females PRE,M513,0.0501,0.6377
Females PRE,M513,0.1002,0.2361
Females PRE,M513,0.1502,0.1862
Females PRE,M513,0.2003,0.4882
Females PRE,M513,0.2504,0.4899
Females PRE,M513,0.3005,0.312
Females PRE,M513,0.3506,0.3076
Females PRE,M513,0.4006,0.4305
Females PRE,M513,0.4507,0.4991
Females PRE,M513,0.5008,0.8009
Females PRE,M513,0.5509,0.6947
Females PRE,M513,0.601,0.0834
Females PRE,M513,0.651,0.4238
Females PRE,M513,0.7011,0.7759
Females PRE,M513,0.7512,0.5926
Females PRE,M513,0.8013,0.5059
Females PRE,M513,0.8513,0.4377
Females PRE,M513,0.9014,0.4581
Females PRE,M513,0.9515,0.8214
Females PRE,M513,1.0016,0.2279
Females PRE,M513,1.0517,0.209
Females PRE,M513,1.1017,0.3394
Females PRE,M513,1.1518,0.1152
Females PRE,M513,1.2019,0.0654
Females PRE,M513,1.252,0.0822
Females PRE,M513,1.3021,0.271
Females PRE,M513,1.3521,0.1568
Females PRE,M513,1.4022,0.0934
Females PRE,M513,1.4523,0.1677
Females PRE,M513,1.5024,0.0841
Females PRE,M513,1.5525,0.3877
Females PRE,M513,1.6025,0.4312
Females PRE,M513,1.6526,0.3192
Females PRE,M513,1.7027,0.0914
Females PRE,M513,1.7528,0.2364
Females PRE,M513,1.8029,0.2518
Females PRE,M513,1.8529,0.2839
Females PRE,M513,1.903,0.3679
Females PRE,M513,1.9531,0.3231
Females PRE,M513,2.0032,0.5574
Females PRE,M513,2.0533,0.1287
Females PRE,M513,2.1033,0.3501
Females PRE,M513,2.1534,0.7841
Females PRE,M513,2.2035,0.437
Females PRE,M513,2.2536,0.1444
Females PRE,M513,2.3037,0.0693
Females PRE,M513,2.3537,0.1313
Females PRE,M513,2.4038,0.0514
Females PRE,M513,2.4539,0.0441
Females PRE,M513,2.504,0.0331
Females PRE,M513,2.554,0.2731
Females PRE,M513,2.6041,0.0485
Females PRE,M513,2.6542,0.2177
Females PRE,M513,2.7043,0.1414
Females PRE,M513,2.7544,0.2083
Females PRE,M513,2.8044,0.029
Females PRE,M513,2.8545,0.6346
Females PRE,M513,2.9046,0.7899
Females PRE,M513,2.9547,0.5716
Females PRE,M513,3.0048,0.4676
Females PRE,M513,3.0548,0.2336
Females PRE,M513,3.1049,0.1844
Females PRE,M513,3.155,0.1865
Females PRE,M513,3.2051,0.274
Females PRE,M513,3.2552,0.0533
Females PRE,M513,3.3052,0.0835
Females PRE,M513,3.3553,0.2015
Females PRE,M513,3.4054,0.2318
Females PRE,M513,3.4555,0.3139
Females PRE,M513,3.5056,0.7714
Females PRE,M513,3.5556,0.1579
Females PRE,M513,3.6057,0.0477
Females PRE,M513,3.6558,0.1077
Females PRE,M513,3.7059,0.0738
Females PRE,M513,3.756,0.1132
Females PRE,M513,3.806,0.6023
Females PRE,M513,3.8561,0.1083
Females PRE,M513,3.9062,0.2627
Females PRE,M513,3.9563,0.3585
Females PRE,M513,4.0064,0.1079
Females PRE,M513,4.0564,0.1711
Females PRE,M513,4.1065,0.1153
Females PRE,M513,4.1566,0.1766
Females PRE,M513,4.2067,0.2018
Females PRE,M513,4.2567,0.0428
Females PRE,M513,4.3068,0.0418
Females PRE,M513,4.3569,0.1648
Females PRE,M513,4.407,0.6051
Females PRE,M513,4.4571,0.2282
Females PRE,M513,4.5071,0.2547
Females PRE,M513,4.5572,0.5597
Females PRE,M513,4.6073,0.0951
Females PRE,M513,4.6574,0.0073
Females PRE,M513,4.7075,0.164
Females PRE,M513,4.7575,0.3167
Females PRE,M513,4.8076,0.6456
Females PRE,M513,4.8577,0.4189
Females PRE,M513,4.9078,0.1239
Females PRE,M513,4.9579,0.2258
Females PRE,M520,0.0501,0.0199
Females PRE,M520,0.1002,0.3161
Females PRE,M520,0.1502,0.5871
Females PRE,M520,0.2003,0.3028
Females PRE,M520,0.2504,0.1256
Females PRE,M520,0.3005,0.1159
Females PRE,M520,0.3506,0.0634
Females PRE,M520,0.4006,0.0181
Females PRE,M520,0.4507,0.1264
Females PRE,M520,0.5008,0.1556
Females PRE,M520,0.5509,0.2821
Females PRE,M520,0.601,0.5494
Females PRE,M520,0.651,0.3553
Females PRE,M520,0.7011,0.1522
Females PRE,M520,0.7512,0.0668
Females PRE,M520,0.8013,0.1095
Females PRE,M520,0.8513,0.1119
Females PRE,M520,0.9014,0.1526
Females PRE,M520,0.9515,0.3077
Females PRE,M520,1.0016,0.0475
Females PRE,M520,1.0517,0.1644
Females PRE,M520,1.1017,0.0208
Females PRE,M520,1.1518,0.1669
Females PRE,M520,1.2019,0.0158
Females PRE,M520,1.252,0.1083
Females PRE,M520,1.3021,0.2577
Females PRE,M520,1.3521,0.0571
Females PRE,M520,1.4022,0.2026
Females PRE,M520,1.4523,0.2134
Females PRE,M520,1.5024,0.2113
Females PRE,M520,1.5525,0.1466
Females PRE,M520,1.6025,0.067
Females PRE,M520,1.6526,0.1287
Females PRE,M520,1.7027,0.2476
Females PRE,M520,1.7528,0.2133
Females PRE,M520,1.8029,0.065
Females PRE,M520,1.8529,0.3591
Females PRE,M520,1.903,0.2468
Females PRE,M520,1.9531,0.0725
Females PRE,M520,2.0032,0.2966
Females PRE,M520,2.0533,0.253
Females PRE,M520,2.1033,0.343
Females PRE,M520,2.1534,0.1513
Females PRE,M520,2.2035,0.0279
Females PRE,M520,2.2536,0.1942
Females PRE,M520,2.3037,0.2793
Females PRE,M520,2.3537,0.0526
Females PRE,M520,2.4038,0.4055
Females PRE,M520,2.4539,0.2801
Females PRE,M520,2.504,0.4121
Females PRE,M520,2.554,0.1746
Females PRE,M520,2.6041,0.2523
Females PRE,M520,2.6542,0.2789
Females PRE,M520,2.7043,0.0371
Females PRE,M520,2.7544,0.1698
Females PRE,M520,2.8044,0.1092
Females PRE,M520,2.8545,0.2221
Females PRE,M520,2.9046,0.1593
Females PRE,M520,2.9547,0.2535
Females PRE,M520,3.0048,0.4963
Females PRE,M520,3.0548,0.2837
Females PRE,M520,3.1049,0.1509
Females PRE,M520,3.155,0.4502
Females PRE,M520,3.2051,0.0805
Females PRE,M520,3.2552,0.074
Females PRE,M520,3.3052,0.3557
Females PRE,M520,3.3553,0.1671
Females PRE,M520,3.4054,0.3223
Females PRE,M520,3.4555,0.0552
Females PRE,M520,3.5056,0.2398
Females PRE,M520,3.5556,0.433
Females PRE,M520,3.6057,0.4398
Females PRE,M520,3.6558,0.111
Females PRE,M520,3.7059,0.036
Females PRE,M520,3.756,0.0772
Females PRE,M520,3.806,0.0979
Females PRE,M520,3.8561,0.2574
Females PRE,M520,3.9062,0.5022
Females PRE,M520,3.9563,0.5287
Females PRE,M520,4.0064,0.0586
Females PRE,M520,4.0564,0.0391
Females PRE,M520,4.1065,0.0879
Females PRE,M520,4.1566,0.1958
Females PRE,M520,4.2067,0.041
Females PRE,M520,4.2567,0.2416
Females PRE,M520,4.3068,0.0528
Females PRE,M520,4.3569,0.1609
Females PRE,M520,4.407,0.0255
Females PRE,M520,4.4571,0.3678
Females PRE,M520,4.5071,0.2812
Females PRE,M520,4.5572,0.2855
Females PRE,M520,4.6073,0.2193
Females PRE,M520,4.6574,0.1692
Females PRE,M520,4.7075,0.068
Females PRE,M520,4.7575,0.2699
Females PRE,M520,4.8076,0.3282
Females PRE,M520,4.8577,0.282
Females PRE,M520,4.9078,0.16
Females PRE,M520,4.9579,0.0827
Females POST,M509,0.0501,0.3721
Females POST,M509,0.1002,0.1535
Females POST,M509,0.1502,0.2261
Females POST,M509,0.2003,0.0016
Females POST,M509,0.2504,0.0559
Females POST,M509,0.3005,0.15
Females POST,M509,0.3506,0.2232
Females POST,M509,0.4006,0.5436
Females POST,M509,0.4507,0.4553
Females POST,M509,0.5008,0.4382
Females POST,M509,0.5509,0.4266
Females POST,M509,0.601,0.7066
Females POST,M509,0.651,0.3021
Females POST,M509,0.7011,0.548
Females POST,M509,0.7512,0.5152
Females POST,M509,0.8013,0.1488
Females POST,M509,0.8513,0.4142
Females POST,M509,0.9014,0.2559
Females POST,M509,0.9515,0.1752
Females POST,M509,1.0016,0.6303
Females POST,M509,1.0517,0.3169
Females POST,M509,1.1017,0.0438
Females POST,M509,1.1518,0.7481
Females POST,M509,1.2019,0.5076
Females POST,M509,1.252,0.2536
Females POST,M509,1.3021,0.0926
Females POST,M509,1.3521,0.0399
Females POST,M509,1.4022,0.4839
Females POST,M509,1.4523,0.2383
Females POST,M509,1.5024,0.5984
Females POST,M509,1.5525,0.0284
Females POST,M509,1.6025,0.735
Females POST,M509,1.6526,0.1766
Females POST,M509,1.7027,0.0461
Females POST,M509,1.7528,0.0514
Females POST,M509,1.8029,0.0648
Females POST,M509,1.8529,0.02
Females POST,M509,1.903,0.0133
Females POST,M509,1.9531,0.1201
Females POST,M509,2.0032,0.3487
Females POST,M509,2.0533,0.5525
Females POST,M509,2.1033,0.1437
Females POST,M509,2.1534,0.0983
Females POST,M509,2.2035,0.0083
Females POST,M509,2.2536,0.0757
Females POST,M509,2.3037,0.1278
Females POST,M509,2.3537,0.0445
Females POST,M509,2.4038,0.2202
Females POST,M509,2.4539,0.01
Females POST,M509,2.504,0.0845
Females POST,M509,2.554,0.1252
Females POST,M509,2.6041,0.268
Females POST,M509,2.6542,0.6317
Females POST,M509,2.7043,0.3732
Females POST,M509,2.7544,0.1247
Females POST,M509,2.8044,0.3271
Females POST,M509,2.8545,0.4962
Females POST,M509,2.9046,0.0241
Females POST,M509,2.9547,0.3205
Females POST,M509,3.0048,0.1505
Females POST,M509,3.0548,0.1245
Females POST,M509,3.1049,0.0428
Females POST,M509,3.155,0.152
Females POST,M509,3.2051,0.0977
Females POST,M509,3.2552,0.1868
Females POST,M509,3.3052,0.4999
Females POST,M509,3.3553,0.1522
Females POST,M509,3.4054,0.1629
Females POST,M509,3.4555,0.3328
Females POST,M509,3.5056,0.2138
Females POST,M509,3.5556,0.1595
Females POST,M509,3.6057,0.0107
Females POST,M509,3.6558,0.2081
Females POST,M509,3.7059,0.0617
Females POST,M509,3.756,0.0679
Females POST,M509,3.806,0.0081
Females POST,M509,3.8561,0.4621
Females POST,M509,3.9062,0.3026
Females POST,M509,3.9563,0.4727
Females POST,M509,4.0064,0.3248
Females POST,M509,4.0564,0.1935
Females POST,M509,4.1065,0.0568
Females POST,M509,4.1566,0.1563
Females POST,M509,4.2067,0.0204
Females POST,M509,4.2567,0.0053
Females POST,M509,4.3068,0.3958
Females POST,M509,4.3569,0.407
Females POST,M509,4.407,0.4504
Females POST,M509,4.4571,0.3283
Females POST,M509,4.5071,0.053
Females POST,M509,4.5572,0.1379
Females POST,M509,4.6073,0.4114
Females POST,M509,4.6574,0.3597
Females POST,M509,4.7075,0.1484
Females POST,M509,4.7575,0.0136
Females POST,M509,4.8076,0.1244
Females POST,M509,4.8577,0.2315
Females POST,M509,4.9078,0.3908
Females POST,M509,4.9579,0.1962
Females POST,M511,0.0501,0.7732
Females POST,M511,0.1002,0.7186
Females POST,M511,0.1502,0.5436
Females POST,M511,0.2003,0.7624
Females POST,M511,0.2504,0.8194
Females POST,M511,0.3005,0.4297
Females POST,M511,0.3506,0.4379
Females POST,M511,0.4006,0.2551
Females POST,M511,0.4507,0.2551
Females POST,M511,0.5008,0.3369
Females POST,M511,0.5509,0.7639
Females POST,M511,0.601,0.5269
Females POST,M511,0.651,0.394
Females POST,M511,0.7011,0.7852
Females POST,M511,0.7512,0.4445
Females POST,M511,0.8013,0.3703
Females POST,M511,0.8513,0.2395
Females POST,M511,0.9014,0.5984
Females POST,M511,0.9515,0.1435
Females POST,M511,1.0016,0.1267
Females POST,M511,1.0517,0.1248
Females POST,M511,1.1017,0.1906
Females POST,M511,1.1518,0.3403
Females POST,M511,1.2019,0.006
Females POST,M511,1.252,0.4056
Females POST,M511,1.3021,0.5091
Females POST,M511,1.3521,0.4366
Females POST,M511,1.4022,0.1715
Females POST,M511,1.4523,0.0725
Females POST,M511,1.5024,0.129
Females POST,M511,1.5525,0.205
Females POST,M511,1.6025,0.1866
Females POST,M511,1.6526,0.3028
Females POST,M511,1.7027,0.0821
Females POST,M511,1.7528,0.1238
Females POST,M511,1.8029,0.202
Females POST,M511,1.8529,0.4243
Females POST,M511,1.903,0.3328
Females POST,M511,1.9531,0.261
Females POST,M511,2.0032,0.2029
Females POST,M511,2.0533,0.3322
Females POST,M511,2.1033,0.034
Females POST,M511,2.1534,0.0667
Females POST,M511,2.2035,0.1883
Females POST,M511,2.2536,0.1497
Females POST,M511,2.3037,0.135
Females POST,M511,2.3537,0.0086
Females POST,M511,2.4038,0.2383
Females POST,M511,2.4539,0.0793
Females POST,M511,2.504,0.2288
Females POST,M511,2.554,0.3579
Females POST,M511,2.6041,0.3914
Females POST,M511,2.6542,0.2111
Females POST,M511,2.7043,0.0484
Females POST,M511,2.7544,0.0812
Females POST,M511,2.8044,0.4017
Females POST,M511,2.8545,0.0077
Females POST,M511,2.9046,0.0317
Females POST,M511,2.9547,0.1682
Females POST,M511,3.0048,0.0661
Females POST,M511,3.0548,0.5427
Females POST,M511,3.1049,0.2445
Females POST,M511,3.155,0.0051
Females POST,M511,3.2051,0.199
Females POST,M511,3.2552,0.0325
Females POST,M511,3.3052,0.0411
Females POST,M511,3.3553,0.0964
Females POST,M511,3.4054,0.1476
Females POST,M511,3.4555,0.2601
Females POST,M511,3.5056,0.392
Females POST,M511,3.5556,0.0089
Females POST,M511,3.6057,0.1033
Females POST,M511,3.6558,0.0606
Females POST,M511,3.7059,0.0229
Females POST,M511,3.756,0.3733
Females POST,M511,3.806,0.454
Females POST,M511,3.8561,0.2934
Females POST,M511,3.9062,0.051
Females POST,M511,3.9563,0.0346
Females POST,M511,4.0064,0.1174
Females POST,M511,4.0564,0.1887
Females POST,M511,4.1065,0.0376
Females POST,M511,4.1566,0.0427
Females POST,M511,4.2067,0.0742
Females POST,M511,4.2567,0.0597
Females POST,M511,4.3068,0.1609
Females POST,M511,4.3569,0.1795
Females POST,M511,4.407,0.5003
Females POST,M511,4.4571,0.2082
Females POST,M511,4.5071,0.0398
Females POST,M511,4.5572,0.0741
Females POST,M511,4.6073,0.2516
Females POST,M511,4.6574,0.4968
Females POST,M511,4.7075,0.0193
Females POST,M511,4.7575,0.0663
Females POST,M511,4.8076,0.0729
Females POST,M511,4.8577,0.0541
Females POST,M511,4.9078,0.0659
Females POST,M511,4.9579,0.1411
Females POST,M512,0.0501,0.4803
Females POST,M512,0.1002,0.2906
Females POST,M512,0.1502,0.2604
Females POST,M512,0.2003,0.1181
Females POST,M512,0.2504,0.6989
Females POST,M512,0.3005,0.7669
Females POST,M512,0.3506,0.8417
Females POST,M512,0.4006,0.1964
Females POST,M512,0.4507,0.3012
Females POST,M512,0.5008,0.8292
Females POST,M512,0.5509,0.3786
Females POST,M512,0.601,0.2353
Females POST,M512,0.651,0.361
Females POST,M512,0.7011,0.451
Females POST,M512,0.7512,0.2703
Females POST,M512,0.8013,0.3067
Females POST,M512,0.8513,0.6143
Females POST,M512,0.9014,0.6579
Females POST,M512,0.9515,0.686
Females POST,M512,1.0016,0.6299
Females POST,M512,1.0517,0.4137
Females POST,M512,1.1017,0.0429
Females POST,M512,1.1518,0.3196
Females POST,M512,1.2019,0.1457
Females POST,M512,1.252,0.1484
Females POST,M512,1.3021,0.1508
Females POST,M512,1.3521,0.0527
Females POST,M512,1.4022,0.3553
Females POST,M512,1.4523,0.5819
Females POST,M512,1.5024,0.0529
Females POST,M512,1.5525,0.3455
Females POST,M512,1.6025,0.35
Females POST,M512,1.6526,0.284
Females POST,M512,1.7027,0.0984
Females POST,M512,1.7528,0.0853
Females POST,M512,1.8029,0.0464
Females POST,M512,1.8529,0.113
Females POST,M512,1.903,0.1941
Females POST,M512,1.9531,0.0133
Females POST,M512,2.0032,0.1698
Females POST,M512,2.0533,0.0151
Females POST,M512,2.1033,0.0248
Females POST,M512,2.1534,0.1412
Females POST,M512,2.2035,0.3409
Females POST,M512,2.2536,0.1062
Females POST,M512,2.3037,0.287
Females POST,M512,2.3537,0.102
Females POST,M512,2.4038,0.1385
Females POST,M512,2.4539,0.0585
Females POST,M512,2.504,0.1075
Females POST,M512,2.554,0.2795
Females POST,M512,2.6041,0.1689
Females POST,M512,2.6542,0.0818
Females POST,M512,2.7043,0.0252
Females POST,M512,2.7544,0.0548
Females POST,M512,2.8044,0.0408
Females POST,M512,2.8545,0.4063
Females POST,M512,2.9046,0.3623
Females POST,M512,2.9547,0.0218
Females POST,M512,3.0048,0.3671
Females POST,M512,3.0548,0.3947
Females POST,M512,3.1049,0.318
Females POST,M512,3.155,0.0548
Females POST,M512,3.2051,0.1444
Females POST,M512,3.2552,0.1897
Females POST,M512,3.3052,0.3411
Females POST,M512,3.3553,0.0951
Females POST,M512,3.4054,0.6705
Females POST,M512,3.4555,0.6924
Females POST,M512,3.5056,0.2428
Females POST,M512,3.5556,0.4545
Females POST,M512,3.6057,0.1147
Females POST,M512,3.6558,0.1753
Females POST,M512,3.7059,0.1517
Females POST,M512,3.756,0.0731
Females POST,M512,3.806,0.4128
Females POST,M512,3.8561,0.3814
Females POST,M512,3.9062,0.1335
Females POST,M512,3.9563,0.1081
Females POST,M512,4.0064,0.1325
Females POST,M512,4.0564,0.31
Females POST,M512,4.1065,0.1681
Females POST,M512,4.1566,0.2669
Females POST,M512,4.2067,0.1792
Females POST,M512,4.2567,0.0044
Females POST,M512,4.3068,0.2951
Females POST,M512,4.3569,0.0636
Females POST,M512,4.407,0.0192
Females POST,M512,4.4571,0.0374
Females POST,M512,4.5071,0.2154
Females POST,M512,4.5572,0.2296
Females POST,M512,4.6073,0.176
Females POST,M512,4.6574,0.0936
Females POST,M512,4.7075,0.0886
Females POST,M512,4.7575,0.3882
Females POST,M512,4.8076,0.2778
Females POST,M512,4.8577,0.0809
Females POST,M512,4.9078,0.1966
Females POST,M512,4.9579,0.1675
Females POST,M513,0.0501,0.0096
Females POST,M513,0.1002,0.2472
Females POST,M513,0.1502,0.2216
Females POST,M513,0.2003,0.1119
Females POST,M513,0.2504,0.4804
Females POST,M513,0.3005,0.5484
Females POST,M513,0.3506,0.3907
Females POST,M513,0.4006,0.1356
Females POST,M513,0.4507,0.29
Females POST,M513,0.5008,0.5889
Females POST,M513,0.5509,0.1924
Females POST,M513,0.601,0.1563
Females POST,M513,0.651,0.4434
Females POST,M513,0.7011,0.5237
Females POST,M513,0.7512,0.1899
Females POST,M513,0.8013,0.298
Females POST,M513,0.8513,0.4424
Females POST,M513,0.9014,0.3039
Females POST,M513,0.9515,0.0858
Females POST,M513,1.0016,0.0335
Females POST,M513,1.0517,0.3043
Females POST,M513,1.1017,0.357
Females POST,M513,1.1518,0.1632
Females POST,M513,1.2019,0.4706
Females POST,M513,1.252,0.6012
Females POST,M513,1.3021,0.365
Females POST,M513,1.3521,0.0857
Females POST,M513,1.4022,0.1739
Females POST,M513,1.4523,0.4306
Females POST,M513,1.5024,0.6041
Females POST,M513,1.5525,0.2074
Females POST,M513,1.6025,0.0885
Females POST,M513,1.6526,0.1603
Females POST,M513,1.7027,0.2264
Females POST,M513,1.7528,0.0188
Females POST,M513,1.8029,0.0319
Females POST,M513,1.8529,0.2191
Females POST,M513,1.903,0.6509
Females POST,M513,1.9531,0.5257
Females POST,M513,2.0032,0.7694
Females POST,M513,2.0533,0.2921
Females POST,M513,2.1033,0.0618
Females POST,M513,2.1534,0.0558
Females POST,M513,2.2035,0.2642
Females POST,M513,2.2536,0.0372
Females POST,M513,2.3037,0.1197
Females POST,M513,2.3537,0.6284
Females POST,M513,2.4038,0.1677
Females POST,M513,2.4539,0.2554
Females POST,M513,2.504,0.1747
Females POST,M513,2.554,0.5741
Females POST,M513,2.6041,0.2775
Females POST,M513,2.6542,0.3
Females POST,M513,2.7043,0.1927
Females POST,M513,2.7544,0.0089
Females POST,M513,2.8044,0.0729
Females POST,M513,2.8545,0.0527
Females POST,M513,2.9046,0.3634
Females POST,M513,2.9547,0.6082
Females POST,M513,3.0048,0.6219
Females POST,M513,3.0548,0.1333
Females POST,M513,3.1049,0.1813
Females POST,M513,3.155,0.1211
Females POST,M513,3.2051,0.0029
Females POST,M513,3.2552,0.0478
Females POST,M513,3.3052,0.1958
Females POST,M513,3.3553,0.2739
Females POST,M513,3.4054,0.3879
Females POST,M513,3.4555,0.1087
Females POST,M513,3.5056,0.1521
Females POST,M513,3.5556,0.1337
Females POST,M513,3.6057,0.1496
Females POST,M513,3.6558,0.1563
Females POST,M513,3.7059,0.2235
Females POST,M513,3.756,0.0781
Females POST,M513,3.806,0.3199
Females POST,M513,3.8561,0.1802
Females POST,M513,3.9062,0.0656
Females POST,M513,3.9563,0.196
Females POST,M513,4.0064,0.0106
Females POST,M513,4.0564,0.1556
Females POST,M513,4.1065,0.7996
Females POST,M513,4.1566,0.3497
Females POST,M513,4.2067,0.4717
Females POST,M513,4.2567,0.4331
Females POST,M513,4.3068,0.4668
Females POST,M513,4.3569,0.1872
Females POST,M513,4.407,0.0634
Females POST,M513,4.4571,0.0869
Females POST,M513,4.5071,0.0193
Females POST,M513,4.5572,0.0059
Females POST,M513,4.6073,0.0792
Females POST,M513,4.6574,0.2842
Females POST,M513,4.7075,0.041
Females POST,M513,4.7575,0.4439
Females POST,M513,4.8076,0.1797
Females POST,M513,4.8577,0.6074
Females POST,M513,4.9078,0.6334
Females POST,M513,4.9579,0.6706
Females POST,M520,0.0501,0.2184
Females POST,M520,0.1002,0.1798
Females POST,M520,0.1502,0.264
Females POST,M520,0.2003,0.0282
Females POST,M520,0.2504,0.0674
Females POST,M520,0.3005,0.4152
Females POST,M520,0.3506,0.0413
Females POST,M520,0.4006,0.2202
Females POST,M520,0.4507,0.1612
Females POST,M520,0.5008,0.8164
Females POST,M520,0.5509,0.2654
Females POST,M520,0.601,0.1408
Females POST,M520,0.651,0.4285
Females POST,M520,0.7011,0.1644
Females POST,M520,0.7512,0.3064
Females POST,M520,0.8013,0.0413
Females POST,M520,0.8513,0.0895
Females POST,M520,0.9014,0.351
Females POST,M520,0.9515,0.1974
Females POST,M520,1.0016,0.5936
Females POST,M520,1.0517,0.2812
Females POST,M520,1.1017,0.0372
Females POST,M520,1.1518,0.1154
Females POST,M520,1.2019,0.3314
Females POST,M520,1.252,0.1622
Females POST,M520,1.3021,0.4039
Females POST,M520,1.3521,0.4073
Females POST,M520,1.4022,0.254
Females POST,M520,1.4523,0.057
Females POST,M520,1.5024,0.0446
Females POST,M520,1.5525,0.0825
Females POST,M520,1.6025,0.0543
Females POST,M520,1.6526,0.0607
Females POST,M520,1.7027,0.1047
Females POST,M520,1.7528,0.4357
Females POST,M520,1.8029,0.2318
Females POST,M520,1.8529,0.0504
Females POST,M520,1.903,0.0184
Females POST,M520,1.9531,0.047
Females POST,M520,2.0032,0.0886
Females POST,M520,2.0533,0.1972
Females POST,M520,2.1033,0.1292
Females POST,M520,2.1534,0.199
Females POST,M520,2.2035,0.34
Females POST,M520,2.2536,0.3102
Females POST,M520,2.3037,0.223
Females POST,M520,2.3537,0.3613
Females POST,M520,2.4038,0.4713
Females POST,M520,2.4539,0.1383
Females POST,M520,2.504,0.012
Females POST,M520,2.554,0.0763
Females POST,M520,2.6041,0.1607
Females POST,M520,2.6542,0.3695
Females POST,M520,2.7043,0.1336
Females POST,M520,2.7544,0.3811
Females POST,M520,2.8044,0.4354
Females POST,M520,2.8545,0.0698
Females POST,M520,2.9046,0.4601
Females POST,M520,2.9547,0.4226
Females POST,M520,3.0048,0.0962
Females POST,M520,3.0548,0.4049
Females POST,M520,3.1049,0.0589
Females POST,M520,3.155,0.2628
Females POST,M520,3.2051,0.3203
Females POST,M520,3.2552,0.5163
Females POST,M520,3.3052,0.3927
Females POST,M520,3.3553,0.3947
Females POST,M520,3.4054,0.1344
Females POST,M520,3.4555,0.09
Females POST,M520,3.5056,0.054
Females POST,M520,3.5556,0.0031
Females POST,M520,3.6057,0.0842
Females POST,M520,3.6558,0.2649
Females POST,M520,3.7059,0.0603
Females POST,M520,3.756,0.0215
Females POST,M520,3.806,0.1781
Females POST,M520,3.8561,0.8238
Females POST,M520,3.9062,0.6544
Females POST,M520,3.9563,0.4987
Females POST,M520,4.0064,0.2164
Females POST,M520,4.0564,0.4219
Females POST,M520,4.1065,0.2773
Females POST,M520,4.1566,0.0707
Females POST,M520,4.2067,0.0694
Females POST,M520,4.2567,0.0582
Females POST,M520,4.3068,0.1147
Females POST,M520,4.3569,0.1784
Females POST,M520,4.407,0.5933
Females POST,M520,4.4571,0.6045
Females POST,M520,4.5071,0.0278
Females POST,M520,4.5572,0.1417
Females POST,M520,4.6073,0.1334
Females POST,M520,4.6574,0.3035
Females POST,M520,4.7075,0.0967
Females POST,M520,4.7575,0.2105
Females POST,M520,4.8076,0.0131
Females POST,M520,4.8577,0.2912
Females POST,M520,4.9078,0.5922
Females POST,M520,4.9579,0.6546
